Professional Gaming Mouse,Portable Power Bank,Smart Coffee Maker,Ultra-Wide Gaming Monitor,,,
Smart Coffee Maker,Smart Robot Vacuum,,,,,
Professional Gaming Mouse,Smart Light Strip,,,,,
Smart Thermostat,Wireless Earbuds Pro,,,,,
Professional Gaming Mouse,Wireless Noise-Canceling Headphones,Fitness Tracking Ring,,,,
4K Ultra HD Smart TV,Fitness Tracking Ring,Smart Home Security Camera,Premium Smart Watch,Ultra-Wide Gaming Monitor,Mechanical Gaming Keyboard,
Smart Robot Vacuum,Smart Door Lock,Smart Coffee Maker,4K Ultra HD Smart TV,,,
Mechanical Gaming Keyboard,Smart Home Security Camera,Fitness Tracking Ring,Smart Door Lock,Portable Power Bank,,
Wireless Noise-Canceling Headphones,Smart Robot Vacuum,Fitness Tracking Ring,Ultra-Wide Gaming Monitor,Wireless Charging Pad,Professional Gaming Mouse,Wireless Earbuds Pro
Fitness Tracking Ring,Smart Coffee Maker,Ultra-Wide Gaming Monitor,Wireless Noise-Canceling Headphones,Smart Light Strip,,
Fitness Tracking Ring,Smart Home Security Camera,,,,,
Wireless Charging Pad,4K Ultra HD Smart TV,Smart Home Security Camera,Mechanical Gaming Keyboard,Smart Door Lock,Smart Robot Vacuum,Fitness Tracking Ring
Portable Power Bank,Smart Coffee Maker,Ultra-Wide Gaming Monitor,Smart Home Security Camera,4K Ultra HD Smart TV,,
Mechanical Gaming Keyboard,Wireless Charging Pad,Ultra-Wide Gaming Monitor,,,,
Smart Door Lock,4K Ultra HD Smart TV,Mechanical Gaming Keyboard,Smart Robot Vacuum,Portable Power Bank,,
Ultra-Wide Gaming Monitor,Smart Robot Vacuum,Professional Gaming Mouse,Portable Power Bank,Smart Home Security Camera,,
Premium Smart Watch,4K Ultra HD Smart TV,Smart Door Lock,,,,
Wireless Noise-Canceling Headphones,Wireless Charging Pad,4K Ultra HD Smart TV,Smart Coffee Maker,Ultra-Wide Gaming Monitor,,
Smart Door Lock,Portable Power Bank,Ultra-Wide Gaming Monitor,4K Ultra HD Smart TV,Premium Smart Watch,,
Mechanical Gaming Keyboard,Wireless Charging Pad,Professional Gaming Mouse,Smart Robot Vacuum,Portable Power Bank,,
Smart Door Lock,Fitness Tracking Ring,Smart Robot Vacuum,Premium Smart Watch,Ultra-Wide Gaming Monitor,Smart Coffee Maker,Portable Power Bank
Smart Door Lock,Portable Power Bank,Smart Thermostat,Premium Smart Watch,Wireless Noise-Canceling Headphones,Mechanical Gaming Keyboard,
Smart Home Security Camera,Mechanical Gaming Keyboard,,,,,
Ultra-Wide Gaming Monitor,Smart Robot Vacuum,Fitness Tracking Ring,Smart Thermostat,Portable Power Bank,4K Ultra HD Smart TV,Smart Door Lock
Smart Door Lock,Fitness Tracking Ring,Smart Light Strip,,,,
Ultra-Wide Gaming Monitor,Fitness Tracking Ring,Smart Light Strip,Wireless Noise-Canceling Headphones,Portable Power Bank,Mechanical Gaming Keyboard,
Portable Power Bank,Smart Home Security Camera,Premium Smart Watch,Fitness Tracking Ring,Mechanical Gaming Keyboard,Wireless Noise-Canceling Headphones,
4K Ultra HD Smart TV,Smart Coffee Maker,Wireless Earbuds Pro,Premium Smart Watch,Smart Door Lock,,
Wireless Earbuds Pro,Smart Door Lock,Professional Gaming Mouse,Smart Robot Vacuum,,,
Wireless Earbuds Pro,Wireless Noise-Canceling Headphones,Portable Power Bank,Ultra-Wide Gaming Monitor,,,
Professional Gaming Mouse,Smart Door Lock,,,,,
Wireless Charging Pad,Fitness Tracking Ring,Wireless Noise-Canceling Headphones,Professional Gaming Mouse,Wireless Earbuds Pro,Premium Smart Watch,Smart Thermostat
Smart Light Strip,Premium Smart Watch,Smart Coffee Maker,Portable Power Bank,,,
Smart Light Strip,Smart Robot Vacuum,Smart Home Security Camera,Premium Smart Watch,Smart Coffee Maker,,
Wireless Noise-Canceling Headphones,Wireless Earbuds Pro,Smart Robot Vacuum,Smart Light Strip,Smart Coffee Maker,Portable Power Bank,
Smart Light Strip,Mechanical Gaming Keyboard,4K Ultra HD Smart TV,Smart Coffee Maker,Smart Robot Vacuum,,
Smart Coffee Maker,Fitness Tracking Ring,,,,,
Ultra-Wide Gaming Monitor,Professional Gaming Mouse,,,,,
Fitness Tracking Ring,Professional Gaming Mouse,Smart Home Security Camera,Wireless Noise-Canceling Headphones,Smart Robot Vacuum,,
Fitness Tracking Ring,Smart Thermostat,,,,,
Mechanical Gaming Keyboard,Smart Coffee Maker,,,,,
Ultra-Wide Gaming Monitor,Professional Gaming Mouse,Portable Power Bank,,,,
Fitness Tracking Ring,Wireless Earbuds Pro,Smart Coffee Maker,Premium Smart Watch,Wireless Noise-Canceling Headphones,,
4K Ultra HD Smart TV,Smart Home Security Camera,Fitness Tracking Ring,Smart Thermostat,,,
Smart Door Lock,Portable Power Bank,Smart Home Security Camera,Smart Coffee Maker,Wireless Noise-Canceling Headphones,Premium Smart Watch,
Smart Coffee Maker,Smart Door Lock,Portable Power Bank,,,,
Professional Gaming Mouse,Smart Door Lock,Wireless Earbuds Pro,Wireless Charging Pad,,,
Smart Home Security Camera,Portable Power Bank,4K Ultra HD Smart TV,,,,
Wireless Charging Pad,Mechanical Gaming Keyboard,Smart Thermostat,Smart Home Security Camera,Wireless Earbuds Pro,Smart Door Lock,
Fitness Tracking Ring,Smart Thermostat,Wireless Earbuds Pro,Mechanical Gaming Keyboard,Smart Light Strip,,
Premium Smart Watch,Smart Light Strip,,,,,
Premium Smart Watch,Wireless Noise-Canceling Headphones,Portable Power Bank,Mechanical Gaming Keyboard,,,
Wireless Earbuds Pro,Portable Power Bank,,,,,
Wireless Charging Pad,Portable Power Bank,Wireless Noise-Canceling Headphones,Professional Gaming Mouse,,,
Fitness Tracking Ring,Premium Smart Watch,,,,,
Smart Home Security Camera,Professional Gaming Mouse,Smart Coffee Maker,Mechanical Gaming Keyboard,Smart Robot Vacuum,Smart Thermostat,Smart Door Lock
Smart Thermostat,Smart Robot Vacuum,Smart Coffee Maker,Smart Door Lock,,,
Wireless Earbuds Pro,Mechanical Gaming Keyboard,,,,,
Mechanical Gaming Keyboard,Wireless Charging Pad,Wireless Earbuds Pro,,,,
Wireless Earbuds Pro,Ultra-Wide Gaming Monitor,Smart Light Strip,,,,
Smart Home Security Camera,Smart Light Strip,Smart Coffee Maker,Smart Robot Vacuum,,,
Fitness Tracking Ring,Smart Light Strip,Smart Coffee Maker,Ultra-Wide Gaming Monitor,Wireless Noise-Canceling Headphones,,
Wireless Charging Pad,Mechanical Gaming Keyboard,,,,,
Wireless Noise-Canceling Headphones,Professional Gaming Mouse,Ultra-Wide Gaming Monitor,Smart Thermostat,Fitness Tracking Ring,,
4K Ultra HD Smart TV,Smart Robot Vacuum,Smart Light Strip,Smart Thermostat,Smart Home Security Camera,Portable Power Bank,Smart Coffee Maker
Fitness Tracking Ring,Smart Coffee Maker,Mechanical Gaming Keyboard,Smart Robot Vacuum,Wireless Noise-Canceling Headphones,Portable Power Bank,
Professional Gaming Mouse,Wireless Earbuds Pro,,,,,
Smart Door Lock,Wireless Charging Pad,,,,,
Professional Gaming Mouse,Portable Power Bank,Fitness Tracking Ring,Premium Smart Watch,,,
Professional Gaming Mouse,Mechanical Gaming Keyboard,Wireless Noise-Canceling Headphones,,,,
Professional Gaming Mouse,Smart Robot Vacuum,,,,,
Wireless Noise-Canceling Headphones,Smart Home Security Camera,Smart Thermostat,Smart Robot Vacuum,Wireless Earbuds Pro,Ultra-Wide Gaming Monitor,
Portable Power Bank,Fitness Tracking Ring,Professional Gaming Mouse,Wireless Charging Pad,Ultra-Wide Gaming Monitor,Smart Coffee Maker,
Wireless Noise-Canceling Headphones,Wireless Earbuds Pro,Fitness Tracking Ring,Mechanical Gaming Keyboard,,,
Premium Smart Watch,Smart Coffee Maker,Mechanical Gaming Keyboard,,,,
Smart Light Strip,Wireless Charging Pad,Smart Coffee Maker,Wireless Noise-Canceling Headphones,,,
Mechanical Gaming Keyboard,Smart Door Lock,Wireless Earbuds Pro,Smart Home Security Camera,,,
Wireless Charging Pad,Wireless Earbuds Pro,Smart Robot Vacuum,,,,
Professional Gaming Mouse,Premium Smart Watch,Wireless Charging Pad,Smart Robot Vacuum,,,
Portable Power Bank,Mechanical Gaming Keyboard,Smart Door Lock,,,,
Portable Power Bank,Premium Smart Watch,Wireless Earbuds Pro,,,,
Smart Home Security Camera,Mechanical Gaming Keyboard,Professional Gaming Mouse,Ultra-Wide Gaming Monitor,,,
Smart Light Strip,Wireless Charging Pad,Portable Power Bank,Mechanical Gaming Keyboard,,,
Mechanical Gaming Keyboard,Smart Home Security Camera,Ultra-Wide Gaming Monitor,Smart Robot Vacuum,,,
Smart Robot Vacuum,4K Ultra HD Smart TV,Smart Coffee Maker,,,,
Premium Smart Watch,Wireless Earbuds Pro,Wireless Noise-Canceling Headphones,Smart Robot Vacuum,Smart Door Lock,Mechanical Gaming Keyboard,Smart Thermostat
Premium Smart Watch,Wireless Charging Pad,Smart Door Lock,Smart Home Security Camera,Smart Coffee Maker,Smart Robot Vacuum,
Smart Robot Vacuum,Fitness Tracking Ring,Smart Door Lock,Wireless Charging Pad,,,
Wireless Noise-Canceling Headphones,Smart Robot Vacuum,,,,,
Wireless Earbuds Pro,Smart Light Strip,,,,,
Mechanical Gaming Keyboard,Fitness Tracking Ring,Premium Smart Watch,,,,
Ultra-Wide Gaming Monitor,Smart Coffee Maker,Portable Power Bank,Smart Thermostat,Smart Home Security Camera,4K Ultra HD Smart TV,
Smart Home Security Camera,Wireless Earbuds Pro,,,,,
Fitness Tracking Ring,Smart Coffee Maker,Smart Home Security Camera,Wireless Charging Pad,,,
Smart Home Security Camera,Fitness Tracking Ring,Smart Robot Vacuum,Smart Thermostat,,,
Smart Robot Vacuum,Professional Gaming Mouse,Premium Smart Watch,Wireless Noise-Canceling Headphones,Wireless Charging Pad,Ultra-Wide Gaming Monitor,
4K Ultra HD Smart TV,Smart Thermostat,Wireless Charging Pad,,,,
Smart Light Strip,Smart Thermostat,Wireless Earbuds Pro,Wireless Charging Pad,,,
Smart Home Security Camera,Smart Light Strip,Smart Coffee Maker,Smart Thermostat,Mechanical Gaming Keyboard,Smart Robot Vacuum,Premium Smart Watch
Smart Robot Vacuum,Professional Gaming Mouse,Fitness Tracking Ring,Smart Door Lock,,,
Wireless Charging Pad,Fitness Tracking Ring,Professional Gaming Mouse,Wireless Noise-Canceling Headphones,Mechanical Gaming Keyboard,Premium Smart Watch,4K Ultra HD Smart TV
Professional Gaming Mouse,Premium Smart Watch,,,,,
4K Ultra HD Smart TV,Smart Thermostat,,,,,
Smart Thermostat,Smart Coffee Maker,Wireless Earbuds Pro,Smart Home Security Camera,Premium Smart Watch,Ultra-Wide Gaming Monitor,
Smart Robot Vacuum,Portable Power Bank,Wireless Noise-Canceling Headphones,Smart Coffee Maker,Premium Smart Watch,Smart Home Security Camera,
Wireless Noise-Canceling Headphones,Smart Coffee Maker,Premium Smart Watch,,,,
Ultra-Wide Gaming Monitor,Smart Thermostat,4K Ultra HD Smart TV,Premium Smart Watch,Smart Robot Vacuum,Wireless Charging Pad,
Ultra-Wide Gaming Monitor,Professional Gaming Mouse,Fitness Tracking Ring,Smart Door Lock,Wireless Noise-Canceling Headphones,,
Wireless Earbuds Pro,Premium Smart Watch,Smart Light Strip,4K Ultra HD Smart TV,Smart Home Security Camera,,
Wireless Charging Pad,Mechanical Gaming Keyboard,4K Ultra HD Smart TV,Smart Robot Vacuum,Ultra-Wide Gaming Monitor,,
Wireless Charging Pad,Smart Home Security Camera,4K Ultra HD Smart TV,Smart Door Lock,,,
Smart Thermostat,Ultra-Wide Gaming Monitor,Wireless Charging Pad,Portable Power Bank,,,
Premium Smart Watch,Wireless Charging Pad,Smart Coffee Maker,Smart Thermostat,Smart Robot Vacuum,Smart Door Lock,Mechanical Gaming Keyboard
Smart Home Security Camera,Ultra-Wide Gaming Monitor,Fitness Tracking Ring,Smart Coffee Maker,Professional Gaming Mouse,,
Smart Thermostat,Wireless Earbuds Pro,Smart Coffee Maker,Ultra-Wide Gaming Monitor,,,
Mechanical Gaming Keyboard,Wireless Charging Pad,Smart Thermostat,Ultra-Wide Gaming Monitor,Wireless Noise-Canceling Headphones,Smart Door Lock,
Smart Home Security Camera,Portable Power Bank,Smart Thermostat,Ultra-Wide Gaming Monitor,,,
Smart Coffee Maker,Smart Thermostat,,,,,
Wireless Noise-Canceling Headphones,Ultra-Wide Gaming Monitor,Smart Coffee Maker,Wireless Earbuds Pro,4K Ultra HD Smart TV,Mechanical Gaming Keyboard,Smart Thermostat
4K Ultra HD Smart TV,Premium Smart Watch,Fitness Tracking Ring,Smart Light Strip,Smart Door Lock,Wireless Charging Pad,Smart Thermostat
Premium Smart Watch,Professional Gaming Mouse,Ultra-Wide Gaming Monitor,Smart Coffee Maker,Smart Thermostat,4K Ultra HD Smart TV,Smart Home Security Camera
Smart Door Lock,Smart Light Strip,Ultra-Wide Gaming Monitor,,,,
Fitness Tracking Ring,4K Ultra HD Smart TV,Smart Home Security Camera,Smart Coffee Maker,Wireless Noise-Canceling Headphones,Professional Gaming Mouse,Premium Smart Watch
Wireless Noise-Canceling Headphones,Ultra-Wide Gaming Monitor,Smart Robot Vacuum,4K Ultra HD Smart TV,Professional Gaming Mouse,Smart Light Strip,
Wireless Noise-Canceling Headphones,Smart Light Strip,,,,,
Smart Home Security Camera,Portable Power Bank,Smart Thermostat,Wireless Noise-Canceling Headphones,Smart Coffee Maker,Smart Light Strip,
Professional Gaming Mouse,Smart Door Lock,Wireless Noise-Canceling Headphones,Wireless Charging Pad,Wireless Earbuds Pro,Smart Thermostat,Smart Light Strip
Mechanical Gaming Keyboard,Wireless Noise-Canceling Headphones,Smart Coffee Maker,Smart Robot Vacuum,,,
Smart Thermostat,Portable Power Bank,Smart Home Security Camera,Fitness Tracking Ring,,,
Smart Door Lock,4K Ultra HD Smart TV,Smart Robot Vacuum,Wireless Noise-Canceling Headphones,,,
Smart Robot Vacuum,Wireless Charging Pad,Smart Door Lock,,,,
Smart Thermostat,Smart Home Security Camera,Smart Door Lock,Wireless Charging Pad,Ultra-Wide Gaming Monitor,Premium Smart Watch,Smart Light Strip
Premium Smart Watch,Smart Robot Vacuum,Smart Light Strip,Ultra-Wide Gaming Monitor,Smart Door Lock,,
Smart Light Strip,Premium Smart Watch,Smart Coffee Maker,Ultra-Wide Gaming Monitor,Smart Robot Vacuum,Smart Home Security Camera,
Ultra-Wide Gaming Monitor,Professional Gaming Mouse,Fitness Tracking Ring,Mechanical Gaming Keyboard,Wireless Earbuds Pro,Premium Smart Watch,Wireless Noise-Canceling Headphones
Fitness Tracking Ring,Smart Home Security Camera,,,,,
Professional Gaming Mouse,Smart Door Lock,Portable Power Bank,Smart Thermostat,,,
Professional Gaming Mouse,4K Ultra HD Smart TV,Mechanical Gaming Keyboard,Smart Door Lock,Smart Home Security Camera,,
Smart Home Security Camera,Mechanical Gaming Keyboard,Smart Light Strip,Smart Robot Vacuum,,,
Wireless Noise-Canceling Headphones,Premium Smart Watch,Portable Power Bank,Ultra-Wide Gaming Monitor,,,
Wireless Earbuds Pro,Wireless Charging Pad,Smart Door Lock,Ultra-Wide Gaming Monitor,Wireless Noise-Canceling Headphones,Smart Robot Vacuum,Fitness Tracking Ring
Portable Power Bank,4K Ultra HD Smart TV,Smart Coffee Maker,Premium Smart Watch,,,
Portable Power Bank,Wireless Earbuds Pro,Mechanical Gaming Keyboard,Wireless Noise-Canceling Headphones,,,
Smart Coffee Maker,Wireless Charging Pad,,,,,
Professional Gaming Mouse,4K Ultra HD Smart TV,,,,,
Smart Coffee Maker,Smart Door Lock,4K Ultra HD Smart TV,Smart Light Strip,Smart Robot Vacuum,Portable Power Bank,
Professional Gaming Mouse,Premium Smart Watch,Smart Robot Vacuum,,,,
Wireless Charging Pad,Premium Smart Watch,Wireless Earbuds Pro,Smart Door Lock,Smart Coffee Maker,,
Smart Coffee Maker,Smart Door Lock,,,,,
Wireless Noise-Canceling Headphones,4K Ultra HD Smart TV,Smart Thermostat,,,,
Smart Home Security Camera,Portable Power Bank,Mechanical Gaming Keyboard,Wireless Noise-Canceling Headphones,Smart Light Strip,Wireless Charging Pad,
Wireless Earbuds Pro,Mechanical Gaming Keyboard,Professional Gaming Mouse,Fitness Tracking Ring,,,
Portable Power Bank,Wireless Charging Pad,,,,,
Premium Smart Watch,Smart Door Lock,Wireless Noise-Canceling Headphones,Professional Gaming Mouse,,,
Smart Thermostat,Premium Smart Watch,Mechanical Gaming Keyboard,Ultra-Wide Gaming Monitor,,,
Professional Gaming Mouse,Smart Light Strip,Smart Robot Vacuum,4K Ultra HD Smart TV,Smart Home Security Camera,Smart Coffee Maker,
Ultra-Wide Gaming Monitor,Smart Home Security Camera,Smart Light Strip,Smart Coffee Maker,Premium Smart Watch,Professional Gaming Mouse,
Mechanical Gaming Keyboard,Fitness Tracking Ring,4K Ultra HD Smart TV,,,,
Smart Robot Vacuum,Premium Smart Watch,Wireless Noise-Canceling Headphones,Professional Gaming Mouse,Fitness Tracking Ring,Mechanical Gaming Keyboard,
Portable Power Bank,Smart Coffee Maker,,,,,
Wireless Earbuds Pro,Wireless Noise-Canceling Headphones,Smart Light Strip,Mechanical Gaming Keyboard,Smart Door Lock,Smart Robot Vacuum,Fitness Tracking Ring
Smart Thermostat,Ultra-Wide Gaming Monitor,Wireless Charging Pad,Smart Light Strip,Fitness Tracking Ring,,
Smart Coffee Maker,Wireless Earbuds Pro,Smart Robot Vacuum,Smart Door Lock,,,
Wireless Noise-Canceling Headphones,Mechanical Gaming Keyboard,Wireless Charging Pad,Smart Robot Vacuum,Premium Smart Watch,Smart Thermostat,Smart Light Strip
Smart Robot Vacuum,Smart Door Lock,Smart Coffee Maker,Premium Smart Watch,Smart Home Security Camera,Wireless Charging Pad,Mechanical Gaming Keyboard
Professional Gaming Mouse,Wireless Earbuds Pro,Smart Light Strip,Fitness Tracking Ring,Smart Home Security Camera,Ultra-Wide Gaming Monitor,
Smart Robot Vacuum,4K Ultra HD Smart TV,Ultra-Wide Gaming Monitor,Premium Smart Watch,Smart Coffee Maker,Professional Gaming Mouse,
Fitness Tracking Ring,Smart Light Strip,Smart Robot Vacuum,Premium Smart Watch,,,
Smart Robot Vacuum,Ultra-Wide Gaming Monitor,Wireless Charging Pad,Mechanical Gaming Keyboard,Smart Light Strip,,
Wireless Earbuds Pro,Smart Light Strip,Portable Power Bank,Mechanical Gaming Keyboard,,,
Smart Thermostat,Premium Smart Watch,,,,,
Smart Robot Vacuum,Wireless Charging Pad,Wireless Earbuds Pro,Wireless Noise-Canceling Headphones,,,
Professional Gaming Mouse,Smart Light Strip,Fitness Tracking Ring,Smart Thermostat,Smart Robot Vacuum,Wireless Charging Pad,
Smart Coffee Maker,4K Ultra HD Smart TV,Wireless Charging Pad,Mechanical Gaming Keyboard,Professional Gaming Mouse,Smart Thermostat,Smart Home Security Camera
Smart Door Lock,Professional Gaming Mouse,Wireless Earbuds Pro,,,,
Wireless Charging Pad,4K Ultra HD Smart TV,Fitness Tracking Ring,Ultra-Wide Gaming Monitor,Smart Light Strip,,
Wireless Noise-Canceling Headphones,Wireless Earbuds Pro,4K Ultra HD Smart TV,Portable Power Bank,Professional Gaming Mouse,Premium Smart Watch,Smart Home Security Camera
Smart Robot Vacuum,Smart Thermostat,4K Ultra HD Smart TV,Smart Light Strip,Wireless Noise-Canceling Headphones,Portable Power Bank,Wireless Charging Pad
Portable Power Bank,Smart Light Strip,,,,,
Smart Home Security Camera,Wireless Noise-Canceling Headphones,Portable Power Bank,Smart Thermostat,Smart Door Lock,4K Ultra HD Smart TV,
Ultra-Wide Gaming Monitor,Smart Robot Vacuum,Smart Home Security Camera,4K Ultra HD Smart TV,Smart Coffee Maker,Mechanical Gaming Keyboard,Smart Light Strip
Wireless Earbuds Pro,Smart Home Security Camera,Smart Door Lock,Wireless Charging Pad,Smart Light Strip,,
Wireless Charging Pad,Smart Robot Vacuum,Professional Gaming Mouse,Smart Light Strip,,,
Mechanical Gaming Keyboard,Professional Gaming Mouse,Portable Power Bank,Smart Robot Vacuum,Wireless Noise-Canceling Headphones,,
Fitness Tracking Ring,Premium Smart Watch,Smart Coffee Maker,Smart Thermostat,4K Ultra HD Smart TV,Smart Light Strip,
Wireless Charging Pad,Smart Home Security Camera,Wireless Earbuds Pro,Fitness Tracking Ring,Premium Smart Watch,,
Smart Light Strip,Smart Home Security Camera,Wireless Charging Pad,,,,
4K Ultra HD Smart TV,Smart Robot Vacuum,Wireless Noise-Canceling Headphones,Fitness Tracking Ring,Smart Home Security Camera,Professional Gaming Mouse,
Smart Door Lock,Professional Gaming Mouse,Smart Robot Vacuum,Portable Power Bank,Wireless Noise-Canceling Headphones,4K Ultra HD Smart TV,Smart Light Strip
Smart Home Security Camera,4K Ultra HD Smart TV,Professional Gaming Mouse,Smart Door Lock,,,
Smart Robot Vacuum,Premium Smart Watch,Smart Thermostat,Mechanical Gaming Keyboard,Fitness Tracking Ring,,
Portable Power Bank,Smart Door Lock,Smart Thermostat,Wireless Charging Pad,,,
Smart Door Lock,Mechanical Gaming Keyboard,Wireless Earbuds Pro,Smart Coffee Maker,Smart Robot Vacuum,Smart Light Strip,Wireless Charging Pad
Wireless Noise-Canceling Headphones,Portable Power Bank,Fitness Tracking Ring,,,,
Smart Light Strip,Mechanical Gaming Keyboard,,,,,
Smart Coffee Maker,Mechanical Gaming Keyboard,,,,,
Wireless Charging Pad,Fitness Tracking Ring,Professional Gaming Mouse,Smart Door Lock,Smart Robot Vacuum,,
Smart Door Lock,Mechanical Gaming Keyboard,Fitness Tracking Ring,Wireless Noise-Canceling Headphones,Smart Coffee Maker,,
Smart Home Security Camera,Wireless Noise-Canceling Headphones,Smart Door Lock,4K Ultra HD Smart TV,,,
Professional Gaming Mouse,Wireless Earbuds Pro,Smart Light Strip,4K Ultra HD Smart TV,,,
Smart Thermostat,Mechanical Gaming Keyboard,Premium Smart Watch,Wireless Earbuds Pro,Smart Robot Vacuum,,
4K Ultra HD Smart TV,Smart Home Security Camera,Fitness Tracking Ring,Smart Thermostat,Ultra-Wide Gaming Monitor,Smart Coffee Maker,
Smart Light Strip,4K Ultra HD Smart TV,,,,,
Premium Smart Watch,Smart Door Lock,Portable Power Bank,,,,
Professional Gaming Mouse,Wireless Earbuds Pro,Smart Robot Vacuum,Wireless Charging Pad,Wireless Noise-Canceling Headphones,Smart Light Strip,
Wireless Earbuds Pro,Mechanical Gaming Keyboard,,,,,
Portable Power Bank,Smart Door Lock,Smart Thermostat,,,,
Wireless Charging Pad,Smart Robot Vacuum,Smart Thermostat,Premium Smart Watch,Wireless Noise-Canceling Headphones,Smart Coffee Maker,
Smart Robot Vacuum,Fitness Tracking Ring,Smart Coffee Maker,Portable Power Bank,Wireless Noise-Canceling Headphones,,
Smart Light Strip,Smart Robot Vacuum,Smart Home Security Camera,Professional Gaming Mouse,Smart Coffee Maker,Mechanical Gaming Keyboard,Wireless Earbuds Pro
Smart Coffee Maker,Mechanical Gaming Keyboard,Premium Smart Watch,Wireless Earbuds Pro,Fitness Tracking Ring,Professional Gaming Mouse,
4K Ultra HD Smart TV,Wireless Charging Pad,Professional Gaming Mouse,Ultra-Wide Gaming Monitor,,,
Portable Power Bank,Fitness Tracking Ring,Premium Smart Watch,Wireless Noise-Canceling Headphones,Smart Door Lock,Ultra-Wide Gaming Monitor,Smart Coffee Maker
Wireless Noise-Canceling Headphones,Wireless Charging Pad,Smart Door Lock,Smart Light Strip,Premium Smart Watch,,
Wireless Charging Pad,Smart Thermostat,4K Ultra HD Smart TV,,,,
Smart Home Security Camera,Mechanical Gaming Keyboard,Wireless Earbuds Pro,Premium Smart Watch,Smart Light Strip,,
Wireless Noise-Canceling Headphones,Smart Coffee Maker,Mechanical Gaming Keyboard,Smart Thermostat,,,
4K Ultra HD Smart TV,Wireless Charging Pad,Smart Thermostat,Premium Smart Watch,Smart Robot Vacuum,Wireless Earbuds Pro,
Wireless Noise-Canceling Headphones,Ultra-Wide Gaming Monitor,,,,,
Wireless Charging Pad,Professional Gaming Mouse,Mechanical Gaming Keyboard,Portable Power Bank,,,
Smart Robot Vacuum,Professional Gaming Mouse,,,,,
4K Ultra HD Smart TV,Professional Gaming Mouse,,,,,
Fitness Tracking Ring,Portable Power Bank,Smart Coffee Maker,Wireless Earbuds Pro,,,
Smart Coffee Maker,Premium Smart Watch,Smart Home Security Camera,Portable Power Bank,Smart Light Strip,Wireless Earbuds Pro,
Wireless Charging Pad,Fitness Tracking Ring,Smart Home Security Camera,,,,
Portable Power Bank,Smart Light Strip,Professional Gaming Mouse,Smart Home Security Camera,Ultra-Wide Gaming Monitor,Premium Smart Watch,Smart Coffee Maker
Smart Light Strip,Portable Power Bank,,,,,
Smart Door Lock,Smart Thermostat,Smart Light Strip,4K Ultra HD Smart TV,,,
4K Ultra HD Smart TV,Smart Thermostat,Portable Power Bank,Wireless Noise-Canceling Headphones,Smart Home Security Camera,Smart Robot Vacuum,Smart Light Strip
Smart Light Strip,Wireless Charging Pad,Ultra-Wide Gaming Monitor,Mechanical Gaming Keyboard,Smart Thermostat,Smart Robot Vacuum,
Professional Gaming Mouse,Wireless Noise-Canceling Headphones,4K Ultra HD Smart TV,Wireless Earbuds Pro,Wireless Charging Pad,Mechanical Gaming Keyboard,
Fitness Tracking Ring,Smart Coffee Maker,Wireless Noise-Canceling Headphones,Ultra-Wide Gaming Monitor,Mechanical Gaming Keyboard,4K Ultra HD Smart TV,Smart Door Lock
Smart Home Security Camera,Premium Smart Watch,Wireless Charging Pad,Fitness Tracking Ring,Wireless Noise-Canceling Headphones,Mechanical Gaming Keyboard,Ultra-Wide Gaming Monitor
Smart Coffee Maker,Premium Smart Watch,Smart Door Lock,Wireless Charging Pad,Professional Gaming Mouse,Smart Robot Vacuum,Ultra-Wide Gaming Monitor
Premium Smart Watch,4K Ultra HD Smart TV,Portable Power Bank,,,,
Wireless Noise-Canceling Headphones,Premium Smart Watch,,,,,
Portable Power Bank,Smart Light Strip,Ultra-Wide Gaming Monitor,Premium Smart Watch,Professional Gaming Mouse,Smart Robot Vacuum,
Smart Coffee Maker,Wireless Charging Pad,4K Ultra HD Smart TV,Smart Light Strip,Premium Smart Watch,Smart Robot Vacuum,
Premium Smart Watch,Wireless Noise-Canceling Headphones,Portable Power Bank,,,,
Smart Light Strip,Fitness Tracking Ring,Wireless Charging Pad,Smart Door Lock,Mechanical Gaming Keyboard,Premium Smart Watch,Professional Gaming Mouse
Smart Home Security Camera,Wireless Noise-Canceling Headphones,Smart Thermostat,Wireless Earbuds Pro,Smart Coffee Maker,,
Smart Robot Vacuum,Wireless Earbuds Pro,Premium Smart Watch,Smart Coffee Maker,Fitness Tracking Ring,4K Ultra HD Smart TV,
4K Ultra HD Smart TV,Wireless Earbuds Pro,,,,,
Smart Thermostat,Mechanical Gaming Keyboard,Smart Light Strip,Portable Power Bank,,,
Smart Coffee Maker,Smart Thermostat,Smart Robot Vacuum,Mechanical Gaming Keyboard,Portable Power Bank,,
Wireless Noise-Canceling Headphones,Smart Thermostat,4K Ultra HD Smart TV,Professional Gaming Mouse,,,
Smart Light Strip,Wireless Earbuds Pro,Portable Power Bank,,,,
Ultra-Wide Gaming Monitor,Smart Robot Vacuum,Premium Smart Watch,Wireless Charging Pad,Wireless Noise-Canceling Headphones,Portable Power Bank,Smart Thermostat
Professional Gaming Mouse,Smart Thermostat,Smart Home Security Camera,Smart Coffee Maker,Smart Door Lock,,
Wireless Earbuds Pro,Smart Home Security Camera,,,,,
Smart Door Lock,Portable Power Bank,Smart Light Strip,,,,
Wireless Noise-Canceling Headphones,Smart Coffee Maker,4K Ultra HD Smart TV,Wireless Charging Pad,,,
Ultra-Wide Gaming Monitor,Wireless Charging Pad,Smart Light Strip,,,,
Wireless Noise-Canceling Headphones,Wireless Charging Pad,,,,,
Mechanical Gaming Keyboard,Wireless Earbuds Pro,Professional Gaming Mouse,Premium Smart Watch,Smart Thermostat,Smart Coffee Maker,
Portable Power Bank,Smart Home Security Camera,Premium Smart Watch,Smart Door Lock,Wireless Noise-Canceling Headphones,Professional Gaming Mouse,
Professional Gaming Mouse,Smart Robot Vacuum,Wireless Noise-Canceling Headphones,Wireless Charging Pad,Wireless Earbuds Pro,Smart Thermostat,
Fitness Tracking Ring,Professional Gaming Mouse,Smart Door Lock,4K Ultra HD Smart TV,Portable Power Bank,,
Smart Coffee Maker,Smart Robot Vacuum,Professional Gaming Mouse,Ultra-Wide Gaming Monitor,,,
Portable Power Bank,Wireless Noise-Canceling Headphones,Wireless Earbuds Pro,Smart Light Strip,Ultra-Wide Gaming Monitor,4K Ultra HD Smart TV,Smart Robot Vacuum
Premium Smart Watch,Smart Home Security Camera,Wireless Noise-Canceling Headphones,,,,
Fitness Tracking Ring,Smart Robot Vacuum,Wireless Noise-Canceling Headphones,4K Ultra HD Smart TV,Smart Coffee Maker,Wireless Charging Pad,Smart Thermostat
Smart Door Lock,Premium Smart Watch,Smart Light Strip,Wireless Earbuds Pro,Wireless Charging Pad,Smart Robot Vacuum,
Smart Thermostat,Wireless Earbuds Pro,Portable Power Bank,Smart Coffee Maker,Professional Gaming Mouse,,
Mechanical Gaming Keyboard,Smart Coffee Maker,Smart Home Security Camera,Premium Smart Watch,Smart Thermostat,Smart Robot Vacuum,
Premium Smart Watch,Wireless Charging Pad,Smart Home Security Camera,Smart Robot Vacuum,4K Ultra HD Smart TV,Smart Thermostat,
Ultra-Wide Gaming Monitor,Smart Coffee Maker,,,,,
4K Ultra HD Smart TV,Smart Robot Vacuum,Premium Smart Watch,Fitness Tracking Ring,,,
Smart Thermostat,Wireless Noise-Canceling Headphones,Smart Robot Vacuum,Premium Smart Watch,Smart Door Lock,Smart Home Security Camera,
Smart Coffee Maker,Wireless Earbuds Pro,Smart Robot Vacuum,Fitness Tracking Ring,Smart Light Strip,Ultra-Wide Gaming Monitor,Portable Power Bank
Ultra-Wide Gaming Monitor,Fitness Tracking Ring,Smart Robot Vacuum,Mechanical Gaming Keyboard,,,
Smart Robot Vacuum,Smart Home Security Camera,Professional Gaming Mouse,,,,
Smart Door Lock,Smart Robot Vacuum,Smart Home Security Camera,,,,
Smart Thermostat,Fitness Tracking Ring,,,,,
Smart Door Lock,Smart Thermostat,Smart Robot Vacuum,Wireless Charging Pad,Premium Smart Watch,Smart Coffee Maker,
Smart Light Strip,Wireless Charging Pad,Smart Coffee Maker,Mechanical Gaming Keyboard,Fitness Tracking Ring,Wireless Noise-Canceling Headphones,
Wireless Noise-Canceling Headphones,Smart Home Security Camera,Smart Coffee Maker,,,,
Wireless Charging Pad,Smart Home Security Camera,Ultra-Wide Gaming Monitor,,,,
Smart Door Lock,Fitness Tracking Ring,,,,,
Wireless Earbuds Pro,Smart Door Lock,Fitness Tracking Ring,Wireless Noise-Canceling Headphones,Mechanical Gaming Keyboard,Smart Thermostat,Wireless Charging Pad
Smart Thermostat,4K Ultra HD Smart TV,Smart Coffee Maker,Fitness Tracking Ring,Smart Door Lock,Smart Light Strip,
Fitness Tracking Ring,Wireless Charging Pad,Smart Home Security Camera,Portable Power Bank,Smart Coffee Maker,Smart Thermostat,Mechanical Gaming Keyboard
Smart Home Security Camera,Professional Gaming Mouse,Mechanical Gaming Keyboard,Wireless Earbuds Pro,Smart Coffee Maker,,
Ultra-Wide Gaming Monitor,Portable Power Bank,Smart Door Lock,Professional Gaming Mouse,,,
Smart Coffee Maker,Smart Robot Vacuum,Wireless Noise-Canceling Headphones,Smart Thermostat,Smart Light Strip,Mechanical Gaming Keyboard,Fitness Tracking Ring
Smart Door Lock,4K Ultra HD Smart TV,Wireless Noise-Canceling Headphones,,,,
Wireless Noise-Canceling Headphones,Portable Power Bank,Smart Robot Vacuum,Mechanical Gaming Keyboard,Smart Light Strip,Smart Coffee Maker,
Professional Gaming Mouse,Fitness Tracking Ring,Wireless Charging Pad,Smart Coffee Maker,Smart Light Strip,Smart Door Lock,Portable Power Bank
Smart Thermostat,Premium Smart Watch,,,,,
Fitness Tracking Ring,Premium Smart Watch,4K Ultra HD Smart TV,Smart Thermostat,Portable Power Bank,Smart Door Lock,
Wireless Charging Pad,Wireless Earbuds Pro,Smart Door Lock,,,,
Mechanical Gaming Keyboard,Smart Light Strip,Smart Thermostat,Wireless Noise-Canceling Headphones,Fitness Tracking Ring,Smart Home Security Camera,Smart Robot Vacuum
Fitness Tracking Ring,Smart Robot Vacuum,Premium Smart Watch,,,,
Smart Light Strip,Professional Gaming Mouse,,,,,
Wireless Charging Pad,Wireless Earbuds Pro,Fitness Tracking Ring,Smart Coffee Maker,,,
Smart Door Lock,Smart Robot Vacuum,Fitness Tracking Ring,,,,
Professional Gaming Mouse,Smart Home Security Camera,Wireless Earbuds Pro,Portable Power Bank,,,
Ultra-Wide Gaming Monitor,Professional Gaming Mouse,Portable Power Bank,Wireless Charging Pad,,,
Smart Light Strip,Fitness Tracking Ring,Wireless Noise-Canceling Headphones,Mechanical Gaming Keyboard,Wireless Earbuds Pro,,
Fitness Tracking Ring,4K Ultra HD Smart TV,Premium Smart Watch,,,,
Smart Light Strip,Wireless Earbuds Pro,Portable Power Bank,,,,
Smart Robot Vacuum,Mechanical Gaming Keyboard,Smart Thermostat,Fitness Tracking Ring,Smart Coffee Maker,Ultra-Wide Gaming Monitor,Premium Smart Watch
Wireless Charging Pad,Smart Robot Vacuum,Premium Smart Watch,4K Ultra HD Smart TV,Smart Thermostat,Smart Home Security Camera,
Smart Thermostat,Professional Gaming Mouse,Smart Coffee Maker,Premium Smart Watch,,,
Smart Thermostat,Smart Coffee Maker,Wireless Earbuds Pro,Premium Smart Watch,,,
Premium Smart Watch,Professional Gaming Mouse,Ultra-Wide Gaming Monitor,Wireless Noise-Canceling Headphones,Mechanical Gaming Keyboard,Wireless Charging Pad,Smart Coffee Maker
Fitness Tracking Ring,4K Ultra HD Smart TV,Wireless Earbuds Pro,Smart Door Lock,,,
Wireless Charging Pad,Professional Gaming Mouse,Smart Thermostat,Premium Smart Watch,Smart Coffee Maker,,
Wireless Noise-Canceling Headphones,Portable Power Bank,Premium Smart Watch,Smart Home Security Camera,Professional Gaming Mouse,Smart Door Lock,
Premium Smart Watch,Fitness Tracking Ring,Smart Door Lock,Smart Thermostat,,,
Smart Door Lock,Professional Gaming Mouse,4K Ultra HD Smart TV,,,,
Wireless Noise-Canceling Headphones,Ultra-Wide Gaming Monitor,Fitness Tracking Ring,,,,
Mechanical Gaming Keyboard,Fitness Tracking Ring,,,,,
Professional Gaming Mouse,Smart Light Strip,Smart Coffee Maker,Smart Door Lock,,,
Smart Light Strip,Smart Robot Vacuum,Wireless Charging Pad,Fitness Tracking Ring,,,
Mechanical Gaming Keyboard,Smart Robot Vacuum,Wireless Charging Pad,Portable Power Bank,,,
Smart Coffee Maker,Wireless Noise-Canceling Headphones,Ultra-Wide Gaming Monitor,4K Ultra HD Smart TV,Smart Robot Vacuum,Portable Power Bank,Wireless Earbuds Pro
Smart Thermostat,Wireless Earbuds Pro,,,,,
Wireless Charging Pad,Smart Door Lock,Ultra-Wide Gaming Monitor,Smart Robot Vacuum,,,
Smart Thermostat,Smart Door Lock,4K Ultra HD Smart TV,,,,
Premium Smart Watch,Smart Thermostat,Smart Coffee Maker,Smart Door Lock,4K Ultra HD Smart TV,Portable Power Bank,
Wireless Charging Pad,Wireless Earbuds Pro,Fitness Tracking Ring,Mechanical Gaming Keyboard,,,
Fitness Tracking Ring,Mechanical Gaming Keyboard,,,,,
Mechanical Gaming Keyboard,Fitness Tracking Ring,Premium Smart Watch,Wireless Charging Pad,Wireless Earbuds Pro,,
Wireless Charging Pad,Smart Coffee Maker,Smart Light Strip,,,,
4K Ultra HD Smart TV,Smart Thermostat,Smart Home Security Camera,,,,
Mechanical Gaming Keyboard,Premium Smart Watch,,,,,
Smart Coffee Maker,Wireless Charging Pad,,,,,
Smart Door Lock,Premium Smart Watch,4K Ultra HD Smart TV,Fitness Tracking Ring,,,
Wireless Noise-Canceling Headphones,Smart Robot Vacuum,Fitness Tracking Ring,,,,
Wireless Earbuds Pro,Smart Coffee Maker,Smart Thermostat,,,,
Fitness Tracking Ring,Smart Robot Vacuum,4K Ultra HD Smart TV,Portable Power Bank,,,
Fitness Tracking Ring,Smart Home Security Camera,Wireless Charging Pad,Smart Light Strip,Smart Door Lock,Premium Smart Watch,
Wireless Noise-Canceling Headphones,Professional Gaming Mouse,Mechanical Gaming Keyboard,,,,
Wireless Noise-Canceling Headphones,4K Ultra HD Smart TV,Smart Home Security Camera,Smart Robot Vacuum,Smart Thermostat,Professional Gaming Mouse,Portable Power Bank
4K Ultra HD Smart TV,Smart Coffee Maker,,,,,
Smart Home Security Camera,Smart Light Strip,Wireless Earbuds Pro,Smart Door Lock,4K Ultra HD Smart TV,,
Smart Robot Vacuum,Professional Gaming Mouse,Smart Home Security Camera,Portable Power Bank,Smart Coffee Maker,Wireless Charging Pad,
Premium Smart Watch,4K Ultra HD Smart TV,Smart Coffee Maker,,,,
Smart Home Security Camera,Professional Gaming Mouse,,,,,
Smart Light Strip,Fitness Tracking Ring,Smart Home Security Camera,Ultra-Wide Gaming Monitor,4K Ultra HD Smart TV,,
Ultra-Wide Gaming Monitor,Professional Gaming Mouse,Fitness Tracking Ring,4K Ultra HD Smart TV,Wireless Earbuds Pro,,
Smart Coffee Maker,Smart Thermostat,Smart Home Security Camera,Smart Door Lock,Mechanical Gaming Keyboard,Smart Robot Vacuum,Fitness Tracking Ring
Portable Power Bank,Smart Light Strip,Wireless Charging Pad,Smart Home Security Camera,Smart Door Lock,Ultra-Wide Gaming Monitor,
Smart Thermostat,Ultra-Wide Gaming Monitor,Smart Door Lock,Smart Robot Vacuum,Wireless Earbuds Pro,,
Smart Light Strip,Wireless Charging Pad,Portable Power Bank,Smart Coffee Maker,Professional Gaming Mouse,Smart Door Lock,Wireless Noise-Canceling Headphones
Wireless Noise-Canceling Headphones,Fitness Tracking Ring,,,,,
Wireless Earbuds Pro,Wireless Charging Pad,,,,,
Smart Coffee Maker,Fitness Tracking Ring,Portable Power Bank,Mechanical Gaming Keyboard,,,
Ultra-Wide Gaming Monitor,Wireless Earbuds Pro,Wireless Charging Pad,Professional Gaming Mouse,Wireless Noise-Canceling Headphones,Smart Thermostat,Smart Door Lock
Wireless Charging Pad,Mechanical Gaming Keyboard,Smart Robot Vacuum,Smart Light Strip,4K Ultra HD Smart TV,,
Professional Gaming Mouse,Smart Robot Vacuum,Smart Light Strip,,,,
Smart Robot Vacuum,Ultra-Wide Gaming Monitor,Wireless Earbuds Pro,Smart Home Security Camera,4K Ultra HD Smart TV,Premium Smart Watch,Smart Thermostat
Premium Smart Watch,Wireless Earbuds Pro,Smart Door Lock,Professional Gaming Mouse,,,
Smart Thermostat,Smart Light Strip,Smart Coffee Maker,4K Ultra HD Smart TV,Premium Smart Watch,Smart Robot Vacuum,
Wireless Charging Pad,Smart Coffee Maker,,,,,
Smart Thermostat,Smart Door Lock,Wireless Earbuds Pro,Mechanical Gaming Keyboard,,,
4K Ultra HD Smart TV,Professional Gaming Mouse,Smart Door Lock,Smart Light Strip,Portable Power Bank,Premium Smart Watch,
Smart Light Strip,Smart Door Lock,Portable Power Bank,Fitness Tracking Ring,,,
Smart Home Security Camera,Smart Robot Vacuum,Smart Door Lock,,,,
4K Ultra HD Smart TV,Mechanical Gaming Keyboard,Smart Light Strip,Ultra-Wide Gaming Monitor,Wireless Earbuds Pro,Smart Coffee Maker,Portable Power Bank
Wireless Charging Pad,Mechanical Gaming Keyboard,Ultra-Wide Gaming Monitor,Smart Home Security Camera,Fitness Tracking Ring,Professional Gaming Mouse,Smart Robot Vacuum
Professional Gaming Mouse,Wireless Earbuds Pro,Smart Home Security Camera,Mechanical Gaming Keyboard,Wireless Charging Pad,Portable Power Bank,
Smart Robot Vacuum,Ultra-Wide Gaming Monitor,Wireless Noise-Canceling Headphones,Premium Smart Watch,,,
Professional Gaming Mouse,Smart Door Lock,,,,,
Portable Power Bank,Fitness Tracking Ring,Smart Door Lock,Premium Smart Watch,Ultra-Wide Gaming Monitor,Smart Home Security Camera,Smart Robot Vacuum
4K Ultra HD Smart TV,Smart Home Security Camera,Premium Smart Watch,Mechanical Gaming Keyboard,Wireless Earbuds Pro,,
Wireless Noise-Canceling Headphones,Ultra-Wide Gaming Monitor,Professional Gaming Mouse,,,,
Portable Power Bank,Professional Gaming Mouse,,,,,
Smart Light Strip,Mechanical Gaming Keyboard,Premium Smart Watch,Smart Robot Vacuum,Wireless Noise-Canceling Headphones,Smart Coffee Maker,Portable Power Bank
4K Ultra HD Smart TV,Wireless Earbuds Pro,Premium Smart Watch,Professional Gaming Mouse,,,
Smart Light Strip,Premium Smart Watch,Fitness Tracking Ring,Smart Door Lock,,,
Smart Robot Vacuum,Portable Power Bank,Smart Home Security Camera,,,,
Smart Light Strip,Smart Home Security Camera,Professional Gaming Mouse,Smart Coffee Maker,Wireless Noise-Canceling Headphones,Wireless Charging Pad,Fitness Tracking Ring
Premium Smart Watch,Smart Robot Vacuum,Fitness Tracking Ring,Smart Coffee Maker,Professional Gaming Mouse,,
Wireless Earbuds Pro,Wireless Charging Pad,Mechanical Gaming Keyboard,Smart Thermostat,Smart Coffee Maker,,
4K Ultra HD Smart TV,Wireless Noise-Canceling Headphones,Smart Light Strip,Smart Door Lock,Mechanical Gaming Keyboard,Portable Power Bank,Smart Home Security Camera
Wireless Noise-Canceling Headphones,Ultra-Wide Gaming Monitor,Professional Gaming Mouse,Wireless Charging Pad,,,
Smart Robot Vacuum,Wireless Earbuds Pro,,,,,
Smart Light Strip,Ultra-Wide Gaming Monitor,Smart Coffee Maker,Professional Gaming Mouse,Smart Robot Vacuum,,
4K Ultra HD Smart TV,Professional Gaming Mouse,,,,,
Wireless Charging Pad,Smart Coffee Maker,Mechanical Gaming Keyboard,,,,
Smart Coffee Maker,Mechanical Gaming Keyboard,Smart Robot Vacuum,Smart Light Strip,Ultra-Wide Gaming Monitor,,
Wireless Noise-Canceling Headphones,4K Ultra HD Smart TV,Smart Light Strip,Ultra-Wide Gaming Monitor,Portable Power Bank,Fitness Tracking Ring,Mechanical Gaming Keyboard
Premium Smart Watch,Ultra-Wide Gaming Monitor,Smart Door Lock,Smart Thermostat,Smart Home Security Camera,Wireless Earbuds Pro,4K Ultra HD Smart TV
Smart Door Lock,Wireless Earbuds Pro,Smart Light Strip,Smart Coffee Maker,Smart Robot Vacuum,,
Wireless Charging Pad,Smart Coffee Maker,Mechanical Gaming Keyboard,Smart Robot Vacuum,Smart Door Lock,,
Smart Door Lock,Wireless Charging Pad,Smart Coffee Maker,Professional Gaming Mouse,,,
Premium Smart Watch,Wireless Earbuds Pro,Smart Thermostat,,,,
Ultra-Wide Gaming Monitor,Portable Power Bank,Smart Light Strip,,,,
Fitness Tracking Ring,Ultra-Wide Gaming Monitor,Smart Home Security Camera,Wireless Earbuds Pro,4K Ultra HD Smart TV,Mechanical Gaming Keyboard,Smart Light Strip
Ultra-Wide Gaming Monitor,Smart Robot Vacuum,Mechanical Gaming Keyboard,Fitness Tracking Ring,Premium Smart Watch,,
Smart Door Lock,Smart Coffee Maker,Wireless Earbuds Pro,Ultra-Wide Gaming Monitor,,,
Fitness Tracking Ring,Smart Robot Vacuum,,,,,
Premium Smart Watch,Wireless Charging Pad,Smart Robot Vacuum,,,,
Smart Robot Vacuum,Portable Power Bank,,,,,
Smart Door Lock,Professional Gaming Mouse,Ultra-Wide Gaming Monitor,Portable Power Bank,Smart Thermostat,Premium Smart Watch,Fitness Tracking Ring
Smart Coffee Maker,Smart Door Lock,,,,,
Premium Smart Watch,Wireless Earbuds Pro,4K Ultra HD Smart TV,Mechanical Gaming Keyboard,Smart Home Security Camera,Wireless Noise-Canceling Headphones,
Premium Smart Watch,Smart Door Lock,Smart Robot Vacuum,Portable Power Bank,Smart Thermostat,,
Smart Thermostat,Smart Robot Vacuum,Smart Door Lock,Professional Gaming Mouse,Wireless Earbuds Pro,Smart Coffee Maker,
Wireless Earbuds Pro,Professional Gaming Mouse,Smart Coffee Maker,Smart Door Lock,Smart Thermostat,Portable Power Bank,
Smart Robot Vacuum,Smart Thermostat,Smart Door Lock,4K Ultra HD Smart TV,Premium Smart Watch,Wireless Earbuds Pro,
Smart Thermostat,Smart Light Strip,Wireless Noise-Canceling Headphones,,,,
Smart Robot Vacuum,Professional Gaming Mouse,Smart Home Security Camera,Smart Door Lock,,,
Smart Home Security Camera,Wireless Charging Pad,,,,,
Wireless Earbuds Pro,Wireless Charging Pad,Smart Door Lock,Smart Home Security Camera,Smart Coffee Maker,4K Ultra HD Smart TV,Smart Light Strip
Wireless Earbuds Pro,Mechanical Gaming Keyboard,Smart Door Lock,,,,
Smart Robot Vacuum,Smart Light Strip,Professional Gaming Mouse,Wireless Noise-Canceling Headphones,Wireless Earbuds Pro,4K Ultra HD Smart TV,
Smart Coffee Maker,Fitness Tracking Ring,Smart Robot Vacuum,4K Ultra HD Smart TV,Wireless Noise-Canceling Headphones,Smart Door Lock,Ultra-Wide Gaming Monitor
Premium Smart Watch,Smart Robot Vacuum,Professional Gaming Mouse,4K Ultra HD Smart TV,,,
Ultra-Wide Gaming Monitor,Wireless Noise-Canceling Headphones,Smart Home Security Camera,Wireless Earbuds Pro,,,
Smart Thermostat,Premium Smart Watch,,,,,
Mechanical Gaming Keyboard,Smart Robot Vacuum,,,,,
Fitness Tracking Ring,Wireless Earbuds Pro,,,,,
Professional Gaming Mouse,Ultra-Wide Gaming Monitor,Fitness Tracking Ring,Portable Power Bank,Smart Home Security Camera,Wireless Earbuds Pro,Wireless Noise-Canceling Headphones
Smart Home Security Camera,Mechanical Gaming Keyboard,,,,,
Smart Thermostat,Wireless Noise-Canceling Headphones,,,,,
Portable Power Bank,Wireless Charging Pad,Smart Coffee Maker,Wireless Earbuds Pro,Smart Robot Vacuum,Smart Thermostat,Professional Gaming Mouse
Smart Home Security Camera,Premium Smart Watch,4K Ultra HD Smart TV,,,,
Smart Thermostat,Premium Smart Watch,Wireless Earbuds Pro,Mechanical Gaming Keyboard,Smart Light Strip,Wireless Noise-Canceling Headphones,
Fitness Tracking Ring,Professional Gaming Mouse,Smart Door Lock,Smart Home Security Camera,Wireless Earbuds Pro,,
4K Ultra HD Smart TV,Smart Home Security Camera,Smart Coffee Maker,Wireless Charging Pad,Professional Gaming Mouse,Smart Robot Vacuum,Smart Thermostat
4K Ultra HD Smart TV,Smart Light Strip,Mechanical Gaming Keyboard,Smart Robot Vacuum,Smart Door Lock,,
Mechanical Gaming Keyboard,Wireless Noise-Canceling Headphones,Smart Light Strip,Wireless Charging Pad,Professional Gaming Mouse,Portable Power Bank,Premium Smart Watch
Smart Coffee Maker,Wireless Earbuds Pro,Premium Smart Watch,Smart Robot Vacuum,Smart Light Strip,Wireless Noise-Canceling Headphones,
Smart Robot Vacuum,Wireless Charging Pad,Portable Power Bank,Professional Gaming Mouse,Wireless Earbuds Pro,Smart Thermostat,
Smart Home Security Camera,4K Ultra HD Smart TV,Wireless Noise-Canceling Headphones,Ultra-Wide Gaming Monitor,,,
Mechanical Gaming Keyboard,Smart Home Security Camera,Smart Thermostat,Professional Gaming Mouse,,,
Wireless Noise-Canceling Headphones,Wireless Earbuds Pro,Fitness Tracking Ring,Smart Home Security Camera,,,
Fitness Tracking Ring,Mechanical Gaming Keyboard,Smart Coffee Maker,Premium Smart Watch,4K Ultra HD Smart TV,Smart Robot Vacuum,
Portable Power Bank,Smart Light Strip,Smart Robot Vacuum,Fitness Tracking Ring,,,
Fitness Tracking Ring,Wireless Charging Pad,Smart Light Strip,,,,
Smart Light Strip,Professional Gaming Mouse,4K Ultra HD Smart TV,Fitness Tracking Ring,Portable Power Bank,Premium Smart Watch,Ultra-Wide Gaming Monitor
Wireless Earbuds Pro,Fitness Tracking Ring,Smart Light Strip,Smart Door Lock,Smart Coffee Maker,,
Ultra-Wide Gaming Monitor,Portable Power Bank,Smart Robot Vacuum,Wireless Charging Pad,Fitness Tracking Ring,Wireless Noise-Canceling Headphones,Mechanical Gaming Keyboard
Smart Door Lock,Smart Home Security Camera,,,,,
Premium Smart Watch,Smart Door Lock,4K Ultra HD Smart TV,Fitness Tracking Ring,,,
Wireless Noise-Canceling Headphones,Mechanical Gaming Keyboard,Smart Light Strip,Wireless Charging Pad,,,
Smart Thermostat,Smart Robot Vacuum,,,,,
4K Ultra HD Smart TV,Wireless Noise-Canceling Headphones,Fitness Tracking Ring,Professional Gaming Mouse,,,
Wireless Noise-Canceling Headphones,Smart Thermostat,,,,,
Wireless Earbuds Pro,Portable Power Bank,Smart Thermostat,Smart Coffee Maker,Wireless Noise-Canceling Headphones,Smart Robot Vacuum,
Smart Coffee Maker,Smart Thermostat,Smart Door Lock,Mechanical Gaming Keyboard,Smart Robot Vacuum,,
Portable Power Bank,Fitness Tracking Ring,Wireless Noise-Canceling Headphones,,,,
Smart Home Security Camera,Fitness Tracking Ring,Wireless Charging Pad,Premium Smart Watch,Professional Gaming Mouse,Mechanical Gaming Keyboard,Smart Robot Vacuum
Smart Thermostat,Portable Power Bank,Smart Door Lock,Professional Gaming Mouse,Wireless Noise-Canceling Headphones,Ultra-Wide Gaming Monitor,Smart Robot Vacuum
Fitness Tracking Ring,Smart Home Security Camera,Wireless Noise-Canceling Headphones,Wireless Earbuds Pro,,,
Smart Thermostat,Ultra-Wide Gaming Monitor,Wireless Charging Pad,Portable Power Bank,,,
Smart Coffee Maker,Wireless Charging Pad,Smart Robot Vacuum,Portable Power Bank,Ultra-Wide Gaming Monitor,Smart Light Strip,Smart Thermostat
Ultra-Wide Gaming Monitor,Wireless Noise-Canceling Headphones,,,,,
Wireless Charging Pad,Professional Gaming Mouse,Wireless Earbuds Pro,,,,
Fitness Tracking Ring,Smart Coffee Maker,Smart Home Security Camera,Smart Door Lock,,,
Fitness Tracking Ring,4K Ultra HD Smart TV,Premium Smart Watch,Wireless Charging Pad,,,
Fitness Tracking Ring,Professional Gaming Mouse,,,,,
Premium Smart Watch,Professional Gaming Mouse,Smart Thermostat,,,,
Wireless Earbuds Pro,Portable Power Bank,Ultra-Wide Gaming Monitor,Smart Coffee Maker,Smart Home Security Camera,Professional Gaming Mouse,
Wireless Charging Pad,Smart Robot Vacuum,Premium Smart Watch,Mechanical Gaming Keyboard,Smart Door Lock,Portable Power Bank,
Smart Home Security Camera,Portable Power Bank,Wireless Noise-Canceling Headphones,Ultra-Wide Gaming Monitor,Smart Door Lock,Smart Robot Vacuum,
Professional Gaming Mouse,Smart Home Security Camera,Fitness Tracking Ring,Ultra-Wide Gaming Monitor,Wireless Charging Pad,Smart Thermostat,
Smart Coffee Maker,Fitness Tracking Ring,Smart Home Security Camera,Portable Power Bank,4K Ultra HD Smart TV,Smart Thermostat,
Smart Home Security Camera,Premium Smart Watch,Smart Robot Vacuum,Ultra-Wide Gaming Monitor,,,
Smart Light Strip,Wireless Noise-Canceling Headphones,Portable Power Bank,Wireless Charging Pad,,,
Wireless Earbuds Pro,Smart Light Strip,Ultra-Wide Gaming Monitor,Portable Power Bank,Smart Door Lock,Mechanical Gaming Keyboard,
Smart Robot Vacuum,Smart Light Strip,Ultra-Wide Gaming Monitor,Wireless Noise-Canceling Headphones,Wireless Earbuds Pro,4K Ultra HD Smart TV,
4K Ultra HD Smart TV,Wireless Earbuds Pro,Smart Coffee Maker,Smart Door Lock,Mechanical Gaming Keyboard,,
Portable Power Bank,Smart Robot Vacuum,Premium Smart Watch,Fitness Tracking Ring,Wireless Charging Pad,Professional Gaming Mouse,Mechanical Gaming Keyboard
Smart Robot Vacuum,Smart Light Strip,Smart Thermostat,,,,
Ultra-Wide Gaming Monitor,Professional Gaming Mouse,Wireless Charging Pad,Smart Coffee Maker,Premium Smart Watch,Wireless Earbuds Pro,4K Ultra HD Smart TV
Ultra-Wide Gaming Monitor,Smart Coffee Maker,Mechanical Gaming Keyboard,Smart Light Strip,Fitness Tracking Ring,Smart Robot Vacuum,Smart Home Security Camera
Wireless Noise-Canceling Headphones,Smart Robot Vacuum,Smart Thermostat,Premium Smart Watch,Fitness Tracking Ring,Smart Home Security Camera,Wireless Charging Pad
Smart Light Strip,Smart Home Security Camera,Premium Smart Watch,Smart Coffee Maker,Wireless Earbuds Pro,Wireless Noise-Canceling Headphones,
4K Ultra HD Smart TV,Mechanical Gaming Keyboard,Smart Light Strip,Wireless Charging Pad,Portable Power Bank,Smart Coffee Maker,Fitness Tracking Ring
Smart Light Strip,Portable Power Bank,Smart Coffee Maker,Mechanical Gaming Keyboard,Wireless Noise-Canceling Headphones,Fitness Tracking Ring,Ultra-Wide Gaming Monitor
Ultra-Wide Gaming Monitor,Portable Power Bank,Wireless Noise-Canceling Headphones,Smart Robot Vacuum,Professional Gaming Mouse,Smart Home Security Camera,
Wireless Earbuds Pro,Wireless Noise-Canceling Headphones,Wireless Charging Pad,Smart Home Security Camera,,,
Ultra-Wide Gaming Monitor,Fitness Tracking Ring,,,,,
Smart Coffee Maker,Wireless Earbuds Pro,Smart Robot Vacuum,Premium Smart Watch,Smart Light Strip,,
Portable Power Bank,4K Ultra HD Smart TV,Smart Coffee Maker,Wireless Earbuds Pro,Smart Home Security Camera,Premium Smart Watch,
Smart Coffee Maker,Professional Gaming Mouse,Smart Door Lock,Premium Smart Watch,4K Ultra HD Smart TV,Smart Home Security Camera,
Smart Light Strip,Wireless Charging Pad,Mechanical Gaming Keyboard,Wireless Noise-Canceling Headphones,Premium Smart Watch,,
Smart Home Security Camera,Ultra-Wide Gaming Monitor,Fitness Tracking Ring,Wireless Noise-Canceling Headphones,4K Ultra HD Smart TV,Smart Coffee Maker,
Ultra-Wide Gaming Monitor,Wireless Charging Pad,Fitness Tracking Ring,Portable Power Bank,Smart Home Security Camera,Smart Coffee Maker,Smart Light Strip
Smart Coffee Maker,Wireless Charging Pad,Smart Thermostat,,,,
Wireless Noise-Canceling Headphones,Smart Door Lock,Portable Power Bank,,,,
Wireless Earbuds Pro,Premium Smart Watch,Professional Gaming Mouse,Wireless Noise-Canceling Headphones,Smart Home Security Camera,,
Wireless Charging Pad,Smart Home Security Camera,Professional Gaming Mouse,Wireless Noise-Canceling Headphones,Premium Smart Watch,Fitness Tracking Ring,
Smart Robot Vacuum,Smart Light Strip,Mechanical Gaming Keyboard,Wireless Noise-Canceling Headphones,Fitness Tracking Ring,,
Wireless Noise-Canceling Headphones,Ultra-Wide Gaming Monitor,Smart Door Lock,Smart Robot Vacuum,Smart Home Security Camera,,
Wireless Earbuds Pro,Premium Smart Watch,Smart Thermostat,Mechanical Gaming Keyboard,,,
Fitness Tracking Ring,Mechanical Gaming Keyboard,Smart Robot Vacuum,Smart Home Security Camera,Wireless Charging Pad,Smart Door Lock,
Wireless Noise-Canceling Headphones,Smart Light Strip,Smart Coffee Maker,Wireless Earbuds Pro,Mechanical Gaming Keyboard,Smart Door Lock,
Wireless Noise-Canceling Headphones,Premium Smart Watch,,,,,
Mechanical Gaming Keyboard,Professional Gaming Mouse,Smart Home Security Camera,,,,
Smart Light Strip,Wireless Charging Pad,Portable Power Bank,Smart Coffee Maker,Ultra-Wide Gaming Monitor,,
4K Ultra HD Smart TV,Smart Robot Vacuum,Smart Home Security Camera,Mechanical Gaming Keyboard,Premium Smart Watch,Professional Gaming Mouse,
Ultra-Wide Gaming Monitor,Smart Light Strip,Premium Smart Watch,,,,
4K Ultra HD Smart TV,Smart Coffee Maker,Premium Smart Watch,Wireless Charging Pad,Professional Gaming Mouse,,
Smart Robot Vacuum,Smart Home Security Camera,Ultra-Wide Gaming Monitor,Smart Thermostat,Wireless Earbuds Pro,Wireless Charging Pad,Professional Gaming Mouse
Ultra-Wide Gaming Monitor,Wireless Noise-Canceling Headphones,Wireless Earbuds Pro,Smart Door Lock,Mechanical Gaming Keyboard,,
